-- ====================================
-- 学工部课程考勤系统 - 测试数据填充脚本
-- 版本: v1.0
-- 说明: 按照依赖关系顺序填充测试数据，每个表50条记录
-- ====================================

USE class_report;



-- ====================================
-- 2. 添加学院数据 (50条)
-- ====================================
INSERT INTO college (id, name, college_no, description, create_time, update_time)
VALUES 

('002', '电子信息工程学院', '10002', '电子信息工程学院', NOW(), NOW()),
('003', '机械工程学院', '10003', '机械工程学院', NOW(), NOW()),
('004', '土木工程学院', '10004', '土木工程学院', NOW(), NOW()),
('005', '化学工程学院', '10005', '化学工程学院', NOW(), NOW()),
('006', '数学与统计学院', '10006', '数学与统计学院', NOW(), NOW()),
('007', '物理学院', '10007', '物理学院', NOW(), NOW()),
('008', '生物科学学院', '10008', '生物科学学院', NOW(), NOW()),
('009', '材料科学学院', '10009', '材料科学学院', NOW(), NOW()),
('010', '环境科学学院', '10010', '环境科学学院', NOW(), NOW()),
('011', '能源与动力工程学院', '10011', '能源与动力工程学院', NOW(), NOW()),
('012', '自动化学院', '10012', '自动化学院', NOW(), NOW()),
('013', '电气工程学院', '10013', '电气工程学院', NOW(), NOW()),
('014', '航空航天学院', '10014', '航空航天学院', NOW(), NOW()),
('015', '交通工程学院', '10015', '交通工程学院', NOW(), NOW()),
('016', '建筑学院', '10016', '建筑学院', NOW(), NOW()),
('017', '经济管理学院', '10017', '经济管理学院', NOW(), NOW()),
('018', '工商管理学院', '10018', '工商管理学院', NOW(), NOW()),
('019', '公共管理学院', '10019', '公共管理学院', NOW(), NOW()),
('020', '法学院', '10020', '法学院', NOW(), NOW()),
('021', '外国语学院', '10021', '外国语学院', NOW(), NOW()),
('022', '文学与新闻传播学院', '10022', '文学与新闻传播学院', NOW(), NOW()),
('023', '艺术学院', '10023', '艺术学院', NOW(), NOW()),
('024', '音乐学院', '10024', '音乐学院', NOW(), NOW());


                         
INSERT INTO teacher (id, username, password, real_name, teacher_no, phone, email, department, college_no, identity, create_time, update_time)
VALUES

('002', 'teacher002', '$2a$10$IlQZy.G6fQqbVZ1dYtFW7.5VHVHEGG2Js1eH/ULU1kUxfd9E2.1kO', '李副教授', 'T062', '13800138002', 'teacher002@university.edu.cn', '计算机与软件学院', '10001', 1, NOW(), NOW()),
('003', 'teacher003', '$2a$10$IlQZy.G6fQqbVZ1dYtFW7.5VHVHEGG2Js1eH/ULU1kUxfd9E2.1kO', '王讲师', 'T003', '13800138003', 'teacher003@university.edu.cn', '计算机与软件学院', '10001', 2, NOW(), NOW()),
('004', 'teacher004', '$2a$10$IlQZy.G6fQqbVZ1dYtFW7.5VHVHEGG2Js1eH/ULU1kUxfd9E2.1kO', '赵讲师', 'T004', '13800138004', 'teacher004@university.edu.cn', '计算机与软件学院', '10001', 1, NOW(), NOW()),
('005', 'teacher005', '$2a$10$IlQZy.G6fQqbVZ1dYtFW7.5VHVHEGG2Js1eH/ULU1kUxfd9E2.1kO', '陈教授', 'T005', '13800138005', 'teacher005@university.edu.cn', '计算机与软件学院', '10001', 2, NOW(), NOW()),
('006', 'teacher006', '$2a$10$IlQZy.G6fQqbVZ1dYtFW7.5VHVHEGG2Js1eH/ULU1kUxfd9E2.1kO', '刘副教授', 'T006', '13800138006', 'teacher006@university.edu.cn', '计算机与软件学院', '10001', 1, NOW(), NOW()),
('007', 'teacher007', '$2a$10$IlQZy.G6fQqbVZ1dYtFW7.5VHVHEGG2Js1eH/ULU1kUxfd9E2.1kO', '孙讲师', 'T007', '13800138007', 'teacher007@university.edu.cn', '计算机与软件学院', '10001', 2, NOW(), NOW()),
('008', 'teacher008', '$2a$10$IlQZy.G6fQqbVZ1dYtFW7.5VHVHEGG2Js1eH/ULU1kUxfd9E2.1kO', '周讲师', 'T008', '13800138008', 'teacher008@university.edu.cn', '计算机与软件学院', '10001', 1, NOW(), NOW()),
('009', 'teacher009', '$2a$10$IlQZy.G6fQqbVZ1dYtFW7.5VHVHEGG2Js1eH/ULU1kUxfd9E2.1kO', '吴教授', 'T009', '13800138009', 'teacher009@university.edu.cn', '计算机与软件学院', '10001', 2, NOW(), NOW()),
('010', 'teacher010', '$2a$10$IlQZy.G6fQqbVZ1dYtFW7.5VHVHEGG2Js1eH/ULU1kUxfd9E2.1kO', '郑副教授', 'T010', '13800138010', 'teacher010@university.edu.cn', '计算机与软件学院', '10001', 1, NOW(), NOW()),
('011', 'teacher011', '$2a$10$IlQZy.G6fQqbVZ1dYtFW7.5VHVHEGG2Js1eH/ULU1kUxfd9E2.1kO', '王讲师', 'T011', '13800138011', 'teacher011@university.edu.cn', '计算机与软件学院', '10001', 2, NOW(), NOW()),
('012', 'teacher012', '$2a$10$IlQZy.G6fQqbVZ1dYtFW7.5VHVHEGG2Js1eH/ULU1kUxfd9E2.1kO', '冯讲师', 'T012', '13800138012', 'teacher012@university.edu.cn', '计算机与软件学院', '10001', 1, NOW(), NOW()),
('013', 'teacher013', '$2a$10$IlQZy.G6fQqbVZ1dYtFW7.5VHVHEGG2Js1eH/ULU1kUxfd9E2.1kO', '蒋教授', 'T013', '13800138013', 'teacher013@university.edu.cn', '计算机与软件学院', '10001', 2, NOW(), NOW()),
('014', 'teacher014', '$2a$10$IlQZy.G6fQqbVZ1dYtFW7.5VHVHEGG2Js1eH/ULU1kUxfd9E2.1kO', '沈副教授', 'T014', '13800138014', 'teacher014@university.edu.cn', '计算机与软件学院', '10001', 1, NOW(), NOW()),
('015', 'teacher015', '$2a$10$IlQZy.G6fQqbVZ1dYtFW7.5VHVHEGG2Js1eH/ULU1kUxfd9E2.1kO', '韩讲师', 'T015', '13800138015', 'teacher015@university.edu.cn', '计算机与软件学院', '10001', 2, NOW(), NOW()),
('016', 'teacher016', '$2a$10$IlQZy.G6fQqbVZ1dYtFW7.5VHVHEGG2Js1eH/ULU1kUxfd9E2.1kO', '杨讲师', 'T016', '13800138016', 'teacher016@university.edu.cn', '计算机与软件学院', '10001', 1, NOW(), NOW()),
('017', 'teacher017', '$2a$10$IlQZy.G6fQqbVZ1dYtFW7.5VHVHEGG2Js1eH/ULU1kUxfd9E2.1kO', '朱教授', 'T017', '13800138017', 'teacher017@university.edu.cn', '计算机与软件学院', '10001', 2, NOW(), NOW()),
('018', 'teacher018', '$2a$10$IlQZy.G6fQqbVZ1dYtFW7.5VHVHEGG2Js1eH/ULU1kUxfd9E2.1kO', '秦副教授', 'T018', '13800138018', 'teacher018@university.edu.cn', '计算机与软件学院', '10001', 1, NOW(), NOW()),
('019', 'teacher019', '$2a$10$IlQZy.G6fQqbVZ1dYtFW7.5VHVHEGG2Js1eH/ULU1kUxfd9E2.1kO', '尤讲师', 'T019', '13800138019', 'teacher019@university.edu.cn', '计算机与软件学院', '10001', 2, NOW(), NOW()),
('020', 'teacher020', '$2a$10$IlQZy.G6fQqbVZ1dYtFW7.5VHVHEGG2Js1eH/ULU1kUxfd9E2.1kO', '许讲师', 'T020', '13800138020', 'teacher020@university.edu.cn', '计算机与软件学院', '10001', 1, NOW(), NOW()),
('021', 'teacher021', '$2a$10$IlQZy.G6fQqbVZ1dYtFW7.5VHVHEGG2Js1eH/ULU1kUxfd9E2.1kO', '何教授', 'T021', '13800138021', 'teacher021@university.edu.cn', '计算机与软件学院', '10001', 2, NOW(), NOW()),
('022', 'teacher022', '$2a$10$IlQZy.G6fQqbVZ1dYtFW7.5VHVHEGG2Js1eH/ULU1kUxfd9E2.1kO', '吕副教授', 'T022', '13800138022', 'teacher022@university.edu.cn', '计算机与软件学院', '10001', 1, NOW(), NOW()),
('023', 'teacher023', '$2a$10$IlQZy.G6fQqbVZ1dYtFW7.5VHVHEGG2Js1eH/ULU1kUxfd9E2.1kO', '施讲师', 'T023', '13800138023', 'teacher023@university.edu.cn', '计算机与软件学院', '10001', 2, NOW(), NOW()),
('024', 'teacher024', '$2a$10$IlQZy.G6fQqbVZ1dYtFW7.5VHVHEGG2Js1eH/ULU1kUxfd9E2.1kO', '张讲师', 'T024', '13800138024', 'teacher024@university.edu.cn', '计算机与软件学院', '10001', 1, NOW(), NOW()),
('025', 'teacher025', '$2a$10$IlQZy.G6fQqbVZ1dYtFW7.5VHVHEGG2Js1eH/ULU1kUxfd9E2.1kO', '孔教授', 'T025', '13800138025', 'teacher025@university.edu.cn', '计算机与软件学院', '10001', 2, NOW(), NOW()),
('026', 'teacher026', '$2a$10$IlQZy.G6fQqbVZ1dYtFW7.5VHVHEGG2Js1eH/ULU1kUxfd9E2.1kO', '曹副教授', 'T026', '13800138026', 'teacher026@university.edu.cn', '计算机与软件学院', '10001', 1, NOW(), NOW()),
('027', 'teacher027', '$2a$10$IlQZy.G6fQqbVZ1dYtFW7.5VHVHEGG2Js1eH/ULU1kUxfd9E2.1kO', '严讲师', 'T027', '13800138027', 'teacher027@university.edu.cn', '电子信息工程学院', '10002', 2, NOW(), NOW()),
('028', 'teacher028', '$2a$10$IlQZy.G6fQqbVZ1dYtFW7.5VHVHEGG2Js1eH/ULU1kUxfd9E2.1kO', '华讲师', 'T028', '13800138028', 'teacher028@university.edu.cn', '机械工程学院', '10003', 1, NOW(), NOW()),
('029', 'teacher029', '$2a$10$IlQZy.G6fQqbVZ1dYtFW7.5VHVHEGG2Js1eH/ULU1kUxfd9E2.1kO', '金教授', 'T029', '13800138029', 'teacher029@university.edu.cn', '土木工程学院', '10004', 2, NOW(), NOW()),
('030', 'teacher030', '$2a$10$IlQZy.G6fQqbVZ1dYtFW7.5VHVHEGG2Js1eH/ULU1kUxfd9E2.1kO', '魏副教授', 'T030', '13800138030', 'teacher030@university.edu.cn', '化学工程学院', '10005', 1, NOW(), NOW()),
('031', 'teacher031', '$2a$10$IlQZy.G6fQqbVZ1dYtFW7.5VHVHEGG2Js1eH/ULU1kUxfd9E2.1kO', '陶讲师', 'T031', '13800138031', 'teacher031@university.edu.cn', '数学与统计学院', '10006', 2, NOW(), NOW()),
('032', 'teacher032', '$2a$10$IlQZy.G6fQqbVZ1dYtFW7.5VHVHEGG2Js1eH/ULU1kUxfd9E2.1kO', '姜讲师', 'T032', '13800138032', 'teacher032@university.edu.cn', '物理学院', '10007', 1, NOW(), NOW()),
('033', 'teacher033', '$2a$10$IlQZy.G6fQqbVZ1dYtFW7.5VHVHEGG2Js1eH/ULU1kUxfd9E2.1kO', '范教授', 'T033', '13800138033', 'teacher033@university.edu.cn', '生物科学学院', '10008', 2, NOW(), NOW()),
('034', 'teacher034', '$2a$10$IlQZy.G6fQqbVZ1dYtFW7.5VHVHEGG2Js1eH/ULU1kUxfd9E2.1kO', '彭副教授', 'T034', '13800138034', 'teacher034@university.edu.cn', '材料科学学院', '10009', 1, NOW(), NOW()),
('035', 'teacher035', '$2a$10$IlQZy.G6fQqbVZ1dYtFW7.5VHVHEGG2Js1eH/ULU1kUxfd9E2.1kO', '郎讲师', 'T035', '13800138035', 'teacher035@university.edu.cn', '环境科学学院', '10010', 2, NOW(), NOW()),
('036', 'teacher036', '$2a$10$IlQZy.G6fQqbVZ1dYtFW7.5VHVHEGG2Js1eH/ULU1kUxfd9E2.1kO', '鲁讲师', 'T036', '13800138036', 'teacher036@university.edu.cn', '能源与动力工程学院', '10011', 1, NOW(), NOW()),
('037', 'teacher037', '$2a$10$IlQZy.G6fQqbVZ1dYtFW7.5VHVHEGG2Js1eH/ULU1kUxfd9E2.1kO', '韦教授', 'T037', '13800138037', 'teacher037@university.edu.cn', '自动化学院', '10012', 2, NOW(), NOW()),
('038', 'teacher038', '$2a$10$IlQZy.G6fQqbVZ1dYtFW7.5VHVHEGG2Js1eH/ULU1kUxfd9E2.1kO', '昌副教授', 'T038', '13800138038', 'teacher038@university.edu.cn', '电气工程学院', '10013', 1, NOW(), NOW()),
('039', 'teacher039', '$2a$10$IlQZy.G6fQqbVZ1dYtFW7.5VHVHEGG2Js1eH/ULU1kUxfd9E2.1kO', '马讲师', 'T039', '13800138039', 'teacher039@university.edu.cn', '航空航天学院', '10014', 2, NOW(), NOW()),
('040', 'teacher040', '$2a$10$IlQZy.G6fQqbVZ1dYtFW7.5VHVHEGG2Js1eH/ULU1kUxfd9E2.1kO', '苗讲师', 'T040', '13800138040', 'teacher040@university.edu.cn', '交通工程学院', '10015', 1, NOW(), NOW()),
('041', 'teacher041', '$2a$10$IlQZy.G6fQqbVZ1dYtFW7.5VHVHEGG2Js1eH/ULU1kUxfd9E2.1kO', '凤教授', 'T041', '13800138041', 'teacher041@university.edu.cn', '建筑学院', '10016', 2, NOW(), NOW()),
('042', 'teacher042', '$2a$10$IlQZy.G6fQqbVZ1dYtFW7.5VHVHEGG2Js1eH/ULU1kUxfd9E2.1kO', '花副教授', 'T042', '13800138042', 'teacher042@university.edu.cn', '经济管理学院', '10017', 1, NOW(), NOW()),
('043', 'teacher043', '$2a$10$IlQZy.G6fQqbVZ1dYtFW7.5VHVHEGG2Js1eH/ULU1kUxfd9E2.1kO', '方讲师', 'T043', '13800138043', 'teacher043@university.edu.cn', '工商管理学院', '10018', 2, NOW(), NOW()),
('044', 'teacher044', '$2a$10$IlQZy.G6fQqbVZ1dYtFW7.5VHVHEGG2Js1eH/ULU1kUxfd9E2.1kO', '俞讲师', 'T044', '13800138044', 'teacher044@university.edu.cn', '公共管理学院', '10019', 1, NOW(), NOW()),
('045', 'teacher045', '$2a$10$IlQZy.G6fQqbVZ1dYtFW7.5VHVHEGG2Js1eH/ULU1kUxfd9E2.1kO', '任教授', 'T045', '13800138045', 'teacher045@university.edu.cn', '法学院', '10020', 2, NOW(), NOW()),
('046', 'teacher046', '$2a$10$IlQZy.G6fQqbVZ1dYtFW7.5VHVHEGG2Js1eH/ULU1kUxfd9E2.1kO', '袁副教授', 'T046', '13800138046', 'teacher046@university.edu.cn', '外国语学院', '10021', 1, NOW(), NOW()),
('047', 'teacher047', '$2a$10$IlQZy.G6fQqbVZ1dYtFW7.5VHVHEGG2Js1eH/ULU1kUxfd9E2.1kO', '柳讲师', 'T047', '13800138047', 'teacher047@university.edu.cn', '文学与新闻传播学院', '10022', 2, NOW(), NOW()),
('048', 'teacher048', '$2a$10$IlQZy.G6fQqbVZ1dYtFW7.5VHVHEGG2Js1eH/ULU1kUxfd9E2.1kO', '酆讲师', 'T048', '13800138048', 'teacher048@university.edu.cn', '艺术学院', '10023', 1, NOW(), NOW()),
('049', 'teacher049', '$2a$10$IlQZy.G6fQqbVZ1dYtFW7.5VHVHEGG2Js1eH/ULU1kUxfd9E2.1kO', '鲍教授', 'T049', '13800138049', 'teacher049@university.edu.cn', '音乐学院', '10024', 2, NOW(), NOW()),
('050', 'teacher050', '$2a$10$IlQZy.G6fQqbVZ1dYtFW7.5VHVHEGG2Js1eH/ULU1kUxfd9E2.1kO', '史副教授', 'T050', '13800138050', 'teacher050@university.edu.cn', '电子信息工程学院', '10002', 1, NOW(), NOW());

-- ====================================
-- 4. 添加班级数据 (50条)
-- ====================================
INSERT INTO class (id, class_name, teacher_no, count, grade, major, create_time, update_time)
VALUES 
('001', '计算机科学与技术2021-1班', 'T001', 45, '2021', '计算机科学与技术', NOW(), NOW()),
('002', '电子信息工程2021-1班', 'T002', 42, '2021', '电子信息工程', NOW(), NOW()),
('003', '机械设计制造及其自动化2021-1班', 'T003', 48, '2021', '机械设计制造及其自动化', NOW(), NOW()),
('004', '土木工程2021-1班', 'T004', 40, '2021', '土木工程', NOW(), NOW()),
('005', '化学工程与工艺2021-1班', 'T005', 38, '2021', '化学工程与工艺', NOW(), NOW()),
('006', '数学与应用数学2021-1班', 'T006', 35, '2021', '数学与应用数学', NOW(), NOW()),
('007', '物理学2021-1班', 'T007', 32, '2021', '物理学', NOW(), NOW()),
('008', '生物技术2021-1班', 'T008', 36, '2021', '生物技术', NOW(), NOW()),
('009', '材料科学与工程2021-1班', 'T009', 44, '2021', '材料科学与工程', NOW(), NOW()),
('010', '环境工程2021-1班', 'T010', 41, '2021', '环境工程', NOW(), NOW()),
('011', '能源与动力工程2021-1班', 'T011', 39, '2021', '能源与动力工程', NOW(), NOW()),
('012', '自动化2021-1班', 'T012', 43, '2021', '自动化', NOW(), NOW()),
('013', '电气工程及其自动化2021-1班', 'T013', 46, '2021', '电气工程及其自动化', NOW(), NOW()),
('014', '飞行器设计与工程2021-1班', 'T014', 37, '2021', '飞行器设计与工程', NOW(), NOW()),
('015', '交通工程2021-1班', 'T015', 40, '2021', '交通工程', NOW(), NOW()),
('016', '建筑学2021-1班', 'T016', 34, '2021', '建筑学', NOW(), NOW()),
('017', '金融学2021-1班', 'T017', 47, '2021', '金融学', NOW(), NOW()),
('018', '会计学2021-1班', 'T018', 45, '2021', '会计学', NOW(), NOW()),
('019', '行政管理2021-1班', 'T019', 42, '2021', '行政管理', NOW(), NOW()),
('020', '法学2021-1班', 'T020', 48, '2021', '法学', NOW(), NOW()),
('021', '英语2021-1班', 'T021', 35, '2021', '英语', NOW(), NOW()),
('022', '汉语言文学2021-1班', 'T022', 38, '2021', '汉语言文学', NOW(), NOW()),
('023', '视觉传达设计2021-1班', 'T023', 33, '2021', '视觉传达设计', NOW(), NOW()),
('024', '音乐表演2021-1班', 'T024', 28, '2021', '音乐表演', NOW(), NOW()),
('025', '体育教育2021-1班', 'T025', 30, '2021', '体育教育', NOW(), NOW()),
('026', '临床医学2021-1班', 'T026', 50, '2021', '临床医学', NOW(), NOW()),
('027', '药学2021-1班', 'T027', 36, '2021', '药学', NOW(), NOW()),
('028', '护理学2021-1班', 'T028', 42, '2021', '护理学', NOW(), NOW()),
('029', '预防医学2021-1班', 'T029', 38, '2021', '预防医学', NOW(), NOW()),
('030', '口腔医学2021-1班', 'T030', 28, '2021', '口腔医学', NOW(), NOW()),
('031', '教育学2021-1班', 'T031', 32, '2021', '教育学', NOW(), NOW()),
('032', '心理学2021-1班', 'T032', 30, '2021', '心理学', NOW(), NOW()),
('033', '哲学2021-1班', 'T033', 25, '2021', '哲学', NOW(), NOW()),
('034', '思想政治教育2021-1班', 'T034', 28, '2021', '思想政治教育', NOW(), NOW()),
('035', '国际政治2021-1班', 'T035', 30, '2021', '国际政治', NOW(), NOW()),
('036', '政治学与行政学2021-1班', 'T036', 32, '2021', '政治学与行政学', NOW(), NOW()),
('037', '历史学2021-1班', 'T037', 26, '2021', '历史学', NOW(), NOW()),
('038', '地理信息科学2021-1班', 'T038', 33, '2021', '地理信息科学', NOW(), NOW()),
('039', '地质学2021-1班', 'T039', 28, '2021', '地质学', NOW(), NOW()),
('040', '海洋科学2021-1班', 'T040', 31, '2021', '海洋科学', NOW(), NOW()),
('041', '农学2021-1班', 'T041', 36, '2021', '农学', NOW(), NOW()),
('042', '食品科学与工程2021-1班', 'T042', 39, '2021', '食品科学与工程', NOW(), NOW()),
('043', '纺织工程2021-1班', 'T043', 34, '2021', '纺织工程', NOW(), NOW()),
('044', '采矿工程2021-1班', 'T044', 29, '2021', '采矿工程', NOW(), NOW()),
('045', '冶金工程2021-1班', 'T045', 32, '2021', '冶金工程', NOW(), NOW()),
('046', '轻化工程2021-1班', 'T046', 30, '2021', '轻化工程', NOW(), NOW()),
('047', '宝石及材料工艺学2021-1班', 'T047', 26, '2021', '宝石及材料工艺学', NOW(), NOW()),
('048', '新能源科学与工程2021-1班', 'T048', 35, '2021', '新能源科学与工程', NOW(), NOW()),
('049', '智能科学与技术2021-1班', 'T049', 40, '2021', '智能科学与技术', NOW(), NOW()),
('050', '数据科学与大数据技术2021-1班', 'T050', 42, '2021', '数据科学与大数据技术', NOW(), NOW());

-- ====================================
-- 5. 添加学期数据 (如果还没有的话)
-- ====================================
INSERT INTO semester (id, semester_name, start_date, end_date, weeks, create_time, update_time)
VALUES
('002', '2024-2025学年春季学期', '2024-02-26', '2024-07-12', 20, NOW(), NOW()),
('003', '2024-2025学年秋季学期', '2024-09-02', '2024-12-27', 18, NOW(), NOW())
ON DUPLICATE KEY UPDATE semester_name = semester_name;

-- ====================================
-- 6. 添加课表数据 (50条)
-- ====================================
INSERT INTO course_schedule (id, course_name, course_no, order_no, weekday, expected_count, week_range, start_period, end_period, classroom, teacher_name, course_type, semester_name, create_time, update_time)
VALUES 
('001', '数据结构与算法', 'CS201', '01', '星期一', 45, '3-16周', 1, 2, 'A101', '李副教授', '专业课', '2024-2025学年春季学期', NOW(), NOW()),
('002', '数字电路与逻辑设计', 'EE201', '01', '星期二', 42, '3-16周', 3, 4, 'B202', '李副教授', '专业课', '2024-2025学年春季学期', NOW(), NOW()),
('003', '机械原理', 'ME201', '01', '星期三', 48, '3-16周', 5, 6, 'C303', '王讲师', '专业课', '2024-2025学年春季学期', NOW(), NOW()),
('004', '钢筋混凝土结构', 'CE201', '01', '星期四', 40, '3-16周', 7, 8, 'D404', '赵讲师', '专业课', '2024-2025学年春季学期', NOW(), NOW()),
('005', '有机化学', 'CHE201', '01', '星期五', 38, '3-16周', 9, 10, 'E505', '陈教授', '专业课', '2024-2025学年春季学期', NOW(), NOW()),
('006', '高等代数', 'MA201', '01', '星期一', 35, '3-16周', 1, 2, 'F606', '刘副教授', '专业课', '2024-2025学年春季学期', NOW(), NOW()),
('007', '量子力学', 'PH201', '01', '星期二', 32, '3-16周', 3, 4, 'G707', '孙讲师', '专业课', '2024-2025学年春季学期', NOW(), NOW()),
('008', '分子生物学', 'BS201', '01', '星期三', 36, '3-16周', 5, 6, 'H808', '周讲师', '专业课', '2024-2025学年春季学期', NOW(), NOW()),
('009', '材料力学', 'MS201', '01', '星期四', 44, '3-16周', 7, 8, 'I909', '吴教授', '专业课', '2024-2025学年春季学期', NOW(), NOW()),
('010', '水污染控制工程', 'ENV201', '01', '星期五', 41, '3-16周', 9, 10, 'J1010', '郑副教授', '专业课', '2024-2025学年春季学期', NOW(), NOW()),
('011', '传热学', 'ENE201', '01', '星期一', 39, '3-16周', 1, 2, 'K1111', '王讲师', '专业课', '2024-2025学年春季学期', NOW(), NOW()),
('012', '现代控制理论', 'AU201', '01', '星期二', 43, '3-16周', 3, 4, 'L1212', '冯讲师', '专业课', '2024-2025学年春季学期', NOW(), NOW()),
('013', '电机学', 'EE202', '01', '星期三', 46, '3-16周', 5, 6, 'M1313', '蒋教授', '专业课', '2024-2025学年春季学期', NOW(), NOW()),
('014', '飞行器结构力学', 'AE201', '01', '星期四', 37, '3-16周', 7, 8, 'N1414', '沈副教授', '专业课', '2024-2025学年春季学期', NOW(), NOW()),
('015', '交通规划', 'TR201', '01', '星期五', 40, '3-16周', 9, 10, 'O1515', '韩讲师', '专业课', '2024-2025学年春季学期', NOW(), NOW()),
('016', '建筑设计原理', 'AR201', '01', '星期一', 34, '3-16周', 1, 2, 'P1616', '杨讲师', '专业课', '2024-2025学年春季学期', NOW(), NOW()),
('017', '货币银行学', 'EC201', '01', '星期二', 47, '3-16周', 3, 4, 'Q1717', '朱教授', '专业课', '2024-2025学年春季学期', NOW(), NOW()),
('018', '财务管理', 'AC201', '01', '星期三', 45, '3-16周', 5, 6, 'R1818', '秦副教授', '专业课', '2024-2025学年春季学期', NOW(), NOW()),
('019', '公共政策分析', 'PU201', '01', '星期四', 42, '3-16周', 7, 8, 'S1919', '尤讲师', '专业课', '2024-2025学年春季学期', NOW(), NOW()),
('020', '民法总论', 'LA201', '01', '星期五', 48, '3-16周', 9, 10, 'T2020', '许讲师', '专业课', '2024-2025学年春季学期', NOW(), NOW()),
('021', '高级英语', 'FL201', '01', '星期一', 35, '3-16周', 1, 2, 'U2121', '何教授', '专业课', '2024-2025学年春季学期', NOW(), NOW()),
('022', '中国古代文学', 'CH201', '01', '星期二', 38, '3-16周', 3, 4, 'V2222', '吕副教授', '专业课', '2024-2025学年春季学期', NOW(), NOW()),
('023', '平面构成', 'AD201', '01', '星期三', 33, '3-16周', 5, 6, 'W2323', '施讲师', '专业课', '2024-2025学年春季学期', NOW(), NOW()),
('024', '声乐演唱', 'MU201', '01', '星期四', 28, '3-16周', 7, 8, 'X2424', '张讲师', '专业课', '2024-2025学年春季学期', NOW(), NOW()),
('025', '运动训练学', 'PE201', '01', '星期五', 30, '3-16周', 9, 10, 'Y2525', '孔教授', '专业课', '2024-2025学年春季学期', NOW(), NOW()),
('026', '诊断学', 'ME202', '01', '星期一', 50, '3-16周', 1, 2, 'Z2626', '曹副教授', '专业课', '2024-2025学年春季学期', NOW(), NOW()),
('027', '药物化学', 'PHA201', '01', '星期二', 36, '3-16周', 3, 4, 'AA2727', '严讲师', '专业课', '2024-2025学年春季学期', NOW(), NOW()),
('028', '基础护理学', 'NU201', '01', '星期三', 42, '3-16周', 5, 6, 'BB2828', '华讲师', '专业课', '2024-2025学年春季学期', NOW(), NOW()),
('029', '流行病学', 'PB201', '01', '星期四', 38, '3-16周', 7, 8, 'CC2929', '金教授', '专业课', '2024-2025学年春季学期', NOW(), NOW()),
('030', '口腔解剖生理学', 'DS201', '01', '星期五', 28, '3-16周', 9, 10, 'DD3030', '魏副教授', '专业课', '2024-2025学年春季学期', NOW(), NOW()),
('031', '教育心理学', 'ED201', '01', '星期一', 32, '3-16周', 1, 2, 'EE3131', '陶讲师', '专业课', '2024-2025学年春季学期', NOW(), NOW()),
('032', '实验心理学', 'PS201', '01', '星期二', 30, '3-16周', 3, 4, 'FF3232', '姜讲师', '专业课', '2024-2025学年春季学期', NOW(), NOW()),
('033', '西方哲学史', 'PH202', '01', '星期三', 25, '3-16周', 5, 6, 'GG3333', '范教授', '专业课', '2024-2025学年春季学期', NOW(), NOW()),
('034', '马克思主义基本原理', 'MP201', '01', '星期四', 28, '3-16周', 7, 8, 'HH3434', '彭副教授', '专业课', '2024-2025学年春季学期', NOW(), NOW()),
('035', '国际关系史', 'IR201', '01', '星期五', 30, '3-16周', 9, 10, 'II3535', '郎讲师', '专业课', '2024-2025学年春季学期', NOW(), NOW()),
('036', '政治学原理', 'PO201', '01', '星期一', 32, '3-16周', 1, 2, 'JJ3636', '鲁讲师', '专业课', '2024-2025学年春季学期', NOW(), NOW()),
('037', '中国近代史', 'HI201', '01', '星期二', 26, '3-16周', 3, 4, 'KK3737', '韦教授', '专业课', '2024-2025学年春季学期', NOW(), NOW()),
('038', '地图学', 'GE201', '01', '星期三', 33, '3-16周', 5, 6, 'LL3838', '昌副教授', '专业课', '2024-2025学年春季学期', NOW(), NOW()),
('039', '矿物学', 'ES201', '01', '星期四', 28, '3-16周', 7, 8, 'MM3939', '马讲师', '专业课', '2024-2025学年春季学期', NOW(), NOW()),
('040', '海洋生物学', 'OS201', '01', '星期五', 31, '3-16周', 9, 10, 'NN4040', '苗讲师', '专业课', '2024-2025学年春季学期', NOW(), NOW()),
('041', '作物栽培学', 'AG201', '01', '星期一', 36, '3-16周', 1, 2, 'OO4141', '凤教授', '专业课', '2024-2025学年春季学期', NOW(), NOW()),
('042', '食品营养学', 'FS201', '01', '星期二', 39, '3-16周', 3, 4, 'PP4242', '花副教授', '专业课', '2024-2025学年春季学期', NOW(), NOW()),
('043', '织物结构与性能', 'TE201', '01', '星期三', 34, '3-16周', 5, 6, 'QQ4343', '方讲师', '专业课', '2024-2025学年春季学期', NOW(), NOW()),
('044', '采矿学', 'MI201', '01', '星期四', 29, '3-16周', 7, 8, 'RR4444', '俞讲师', '专业课', '2024-2025学年春季学期', NOW(), NOW()),
('045', '钢铁冶金学', 'MT201', '01', '星期五', 32, '3-16周', 9, 10, 'SS4545', '任教授', '专业课', '2024-2025学年春季学期', NOW(), NOW()),
('046', '染整工艺学', 'LI201', '01', '星期一', 30, '3-16周', 1, 2, 'TT4646', '袁副教授', '专业课', '2024-2025学年春季学期', NOW(), NOW()),
('047', '首饰设计', 'JA201', '01', '星期二', 26, '3-16周', 3, 4, 'UU4747', '柳讲师', '专业课', '2024-2025学年春季学期', NOW(), NOW()),
('048', '太阳能电池原理与应用', 'NE201', '01', '星期三', 35, '3-16周', 5, 6, 'VV4848', '酆讲师', '专业课', '2024-2025学年春季学期', NOW(), NOW()),
('049', '机器人学导论', 'AI201', '01', '星期四', 40, '3-16周', 7, 8, 'WW4949', '鲍教授', '专业课', '2024-2025学年春季学期', NOW(), NOW()),
('050', '机器学习', 'DS202', '01', '星期五', 42, '3-16周', 9, 10, 'XX5050', '史副教授', '专业课', '2024-2025学年春季学期', NOW(), NOW());

-- ====================================
-- 7. 添加课程班级关联数据 (50条)
-- ====================================
INSERT INTO course (id, course_id, class_id, create_time, update_time)
VALUES 
('001', '001', '001', NOW(), NOW()),
('002', '002', '002', NOW(), NOW()),
('003', '003', '003', NOW(), NOW()),
('004', '004', '004', NOW(), NOW()),
('005', '005', '005', NOW(), NOW()),
('006', '006', '006', NOW(), NOW()),
('007', '007', '007', NOW(), NOW()),
('008', '008', '008', NOW(), NOW()),
('009', '009', '009', NOW(), NOW()),
('010', '010', '010', NOW(), NOW()),
('011', '011', '011', NOW(), NOW()),
('012', '012', '012', NOW(), NOW()),
('013', '013', '013', NOW(), NOW()),
('014', '014', '014', NOW(), NOW()),
('015', '015', '015', NOW(), NOW()),
('016', '016', '016', NOW(), NOW()),
('017', '017', '017', NOW(), NOW()),
('018', '018', '018', NOW(), NOW()),
('019', '019', '019', NOW(), NOW()),
('020', '020', '020', NOW(), NOW()),
('021', '021', '021', NOW(), NOW()),
('022', '022', '022', NOW(), NOW()),
('023', '023', '023', NOW(), NOW()),
('024', '024', '024', NOW(), NOW()),
('025', '025', '025', NOW(), NOW()),
('026', '026', '026', NOW(), NOW()),
('027', '027', '027', NOW(), NOW()),
('028', '028', '028', NOW(), NOW()),
('029', '029', '029', NOW(), NOW()),
('030', '030', '030', NOW(), NOW()),
('031', '031', '031', NOW(), NOW()),
('032', '032', '032', NOW(), NOW()),
('033', '033', '033', NOW(), NOW()),
('034', '034', '034', NOW(), NOW()),
('035', '035', '035', NOW(), NOW()),
('036', '036', '036', NOW(), NOW()),
('037', '037', '037', NOW(), NOW()),
('038', '038', '038', NOW(), NOW()),
('039', '039', '039', NOW(), NOW()),
('040', '040', '040', NOW(), NOW()),
('041', '041', '041', NOW(), NOW()),
('042', '042', '042', NOW(), NOW()),
('043', '043', '043', NOW(), NOW()),
('044', '044', '044', NOW(), NOW()),
('045', '045', '045', NOW(), NOW()),
('046', '046', '046', NOW(), NOW()),
('047', '047', '047', NOW(), NOW()),
('048', '048', '048', NOW(), NOW()),
('049', '049', '049', NOW(), NOW()),
('050', '050', '050', NOW(), NOW());

-- ====================================
-- 8. 输出确认信息
-- ====================================
SELECT '数据填充完成！' AS message;
SELECT COUNT(*) AS college_count FROM college WHERE id LIKE 'TEST_%';
SELECT COUNT(*) AS teacher_count FROM teacher WHERE id LIKE 'TEST_%';
SELECT COUNT(*) AS class_count FROM class WHERE id LIKE 'TEST_%';
SELECT COUNT(*) AS course_schedule_count FROM course_schedule WHERE id LIKE 'TEST_%';
SELECT COUNT(*) AS course_count FROM course WHERE id LIKE 'TEST_%';